"fish_sample_id","impoundment_code","sample_date","gear_description","species","length","group_count","year"
"86825","BUSL","2020-11-30","GILL NET-CORE PANEL","Gizzard Shad","260","1","2020"
"86825","BUSL","2020-11-30","GILL NET-CORE PANEL","Gizzard Shad","210","2","2020"
"86825","BUSL","2020-11-30","GILL NET-CORE PANEL","Gizzard Shad","190","1","2020"
"86825","BUSL","2020-11-30","GILL NET-CORE PANEL","Gizzard Shad","220","2","2020"
"86825","BUSL","2020-11-30","GILL NET-CORE PANEL","Gizzard Shad","230","1","2020"
"86823","BUSL","2020-11-30","GILL NET-CORE PANEL","Gizzard Shad","220","1","2020"
"86823","BUSL","2020-11-30","GILL NET-CORE PANEL","Gizzard Shad","140","1","2020"
"86822","BUSL","2020-11-30","GILL NET-CORE PANEL","Gizzard Shad","100","1","2020"
"86822","BUSL","2020-11-30","GILL NET-CORE PANEL","Gizzard Shad","130","1","2020"
"86822","BUSL","2020-11-30","GILL NET-CORE PANEL","Gizzard Shad","140","1","2020"
"86815","CLSL","2020-11-30","GILL NET-CORE PANEL","Gizzard Shad","210","1","2020"
"86815","CLSL","2020-11-30","GILL NET-CORE PANEL","Gizzard Shad","220","1","2020"
"86814","CLSL","2020-11-30","GILL NET-CORE PANEL","Gizzard Shad","130","11","2020"
"86814","CLSL","2020-11-30","GILL NET-CORE PANEL","Gizzard Shad","170","1","2020"
"86814","CLSL","2020-11-30","GILL NET-CORE PANEL","Gizzard Shad","110","2","2020"
"86814","CLSL","2020-11-30","GILL NET-CORE PANEL","Gizzard Shad","140","1","2020"
"86814","CLSL","2020-11-30","GILL NET-CORE PANEL","Gizzard Shad","180","2","2020"
"86814","CLSL","2020-11-30","GILL NET-CORE PANEL","Gizzard Shad","120","4","2020"
"86814","CLSL","2020-11-30","GILL NET-CORE PANEL","Gizzard Shad","150","3","2020"
"86813","CLSL","2020-11-30","GILL NET-CORE PANEL","Gizzard Shad","130","2","2020"
"86813","CLSL","2020-11-30","GILL NET-CORE PANEL","Gizzard Shad","120","1","2020"
"86813","CLSL","2020-11-30","GILL NET-CORE PANEL","Gizzard Shad","150","1","2020"
"86812","CLSL","2020-11-30","GILL NET-CORE PANEL","Gizzard Shad","140","3","2020"
"86812","CLSL","2020-11-30","GILL NET-CORE PANEL","Gizzard Shad","130","6","2020"
"86812","CLSL","2020-11-30","GILL NET-CORE PANEL","Gizzard Shad","120","2","2020"
"86812","CLSL","2020-11-30","GILL NET-CORE PANEL","Gizzard Shad","210","1","2020"
"86812","CLSL","2020-11-30","GILL NET-CORE PANEL","Gizzard Shad","150","1","2020"
"86669","CASL","2020-11-21","GILL NET-CORE PANEL","Gizzard Shad","320","1","2020"
"86669","CASL","2020-11-21","GILL NET-CORE PANEL","Gizzard Shad","310","1","2020"
"86669","CASL","2020-11-21","GILL NET-CORE PANEL","Gizzard Shad","310","1","2020"
"86662","CASL","2020-11-21","GILL NET-CORE PANEL","Gizzard Shad","275","1","2020"
"86662","CASL","2020-11-21","GILL NET-CORE PANEL","Gizzard Shad","310","1","2020"
"86662","CASL","2020-11-21","GILL NET-CORE PANEL","Gizzard Shad","295","1","2020"
"86662","CASL","2020-11-21","GILL NET-CORE PANEL","Gizzard Shad","290","1","2020"
"86662","CASL","2020-11-21","GILL NET-CORE PANEL","Gizzard Shad","32767","1","2020"
"86662","CASL","2020-11-21","GILL NET-CORE PANEL","Gizzard Shad","320","1","2020"
"86662","CASL","2020-11-21","GILL NET-CORE PANEL","Gizzard Shad","300","1","2020"
"86659","CASL","2020-11-21","GILL NET-CORE PANEL","Gizzard Shad","310","1","2020"
"86659","CASL","2020-11-21","GILL NET-CORE PANEL","Gizzard Shad","320","1","2020"
"86659","CASL","2020-11-21","GILL NET-CORE PANEL","Gizzard Shad","290","1","2020"
"86659","CASL","2020-11-21","GILL NET-CORE PANEL","Gizzard Shad","320","1","2020"
"86659","CASL","2020-11-21","GILL NET-CORE PANEL","Gizzard Shad","315","1","2020"
"86659","CASL","2020-11-21","GILL NET-CORE PANEL","Gizzard Shad","290","1","2020"
"86659","CASL","2020-11-21","GILL NET-CORE PANEL","Gizzard Shad","310","1","2020"
"86659","CASL","2020-11-21","GILL NET-CORE PANEL","Gizzard Shad","320","1","2020"
"86659","CASL","2020-11-21","GILL NET-CORE PANEL","Gizzard Shad","290","1","2020"
"86659","CASL","2020-11-21","GILL NET-CORE PANEL","Gizzard Shad","325","1","2020"
"86659","CASL","2020-11-21","GILL NET-CORE PANEL","Gizzard Shad","340","1","2020"
"86659","CASL","2020-11-21","GILL NET-CORE PANEL","Gizzard Shad","300","1","2020"
"86659","CASL","2020-11-21","GILL NET-CORE PANEL","Gizzard Shad","320","1","2020"
"86647","CASL","2020-11-20","GILL NET-CORE PANEL","Gizzard Shad","300","1","2020"
"86647","CASL","2020-11-20","GILL NET-CORE PANEL","Gizzard Shad","310","1","2020"
"86647","CASL","2020-11-20","GILL NET-CORE PANEL","Gizzard Shad","300","1","2020"
"86647","CASL","2020-11-20","GILL NET-CORE PANEL","Gizzard Shad","305","1","2020"
"86647","CASL","2020-11-20","GILL NET-CORE PANEL","Gizzard Shad","280","1","2020"
"86647","CASL","2020-11-20","GILL NET-CORE PANEL","Gizzard Shad","300","1","2020"
"86647","CASL","2020-11-20","GILL NET-CORE PANEL","Gizzard Shad","325","1","2020"
"86647","CASL","2020-11-20","GILL NET-CORE PANEL","Gizzard Shad","310","1","2020"
"86647","CASL","2020-11-20","GILL NET-CORE PANEL","Gizzard Shad","300","1","2020"
"86647","CASL","2020-11-20","GILL NET-CORE PANEL","Gizzard Shad","320","1","2020"
"86647","CASL","2020-11-20","GILL NET-CORE PANEL","Gizzard Shad","345","1","2020"
"86647","CASL","2020-11-20","GILL NET-CORE PANEL","Gizzard Shad","350","1","2020"
"86647","CASL","2020-11-20","GILL NET-CORE PANEL","Gizzard Shad","310","1","2020"
"86647","CASL","2020-11-20","GILL NET-CORE PANEL","Gizzard Shad","300","1","2020"
"86647","CASL","2020-11-20","GILL NET-CORE PANEL","Gizzard Shad","285","1","2020"
"86647","CASL","2020-11-20","GILL NET-CORE PANEL","Gizzard Shad","290","1","2020"
"86647","CASL","2020-11-20","GILL NET-CORE PANEL","Gizzard Shad","310","1","2020"
"86647","CASL","2020-11-20","GILL NET-CORE PANEL","Gizzard Shad","325","1","2020"
"86647","CASL","2020-11-20","GILL NET-CORE PANEL","Gizzard Shad","280","1","2020"
"86647","CASL","2020-11-20","GILL NET-CORE PANEL","Gizzard Shad","295","1","2020"
"86647","CASL","2020-11-20","GILL NET-CORE PANEL","Gizzard Shad","320","1","2020"
"85926","NOSL","2020-11-03","GILL NET-CORE PANEL","Gizzard Shad","240","2","2020"
"85926","NOSL","2020-11-03","GILL NET-CORE PANEL","Gizzard Shad","290","1","2020"
"85926","NOSL","2020-11-03","GILL NET-CORE PANEL","Gizzard Shad","260","3","2020"
"85926","NOSL","2020-11-03","GILL NET-CORE PANEL","Gizzard Shad","250","1","2020"
"85925","NOSL","2020-11-03","GILL NET-CORE PANEL","Gizzard Shad","250","2","2020"
"85925","NOSL","2020-11-03","GILL NET-CORE PANEL","Gizzard Shad","240","3","2020"
"85925","NOSL","2020-11-03","GILL NET-CORE PANEL","Gizzard Shad","290","1","2020"
"85924","NOSL","2020-11-03","GILL NET-CORE PANEL","Gizzard Shad","280","1","2020"
"85924","NOSL","2020-11-03","GILL NET-CORE PANEL","Gizzard Shad","310","1","2020"
"85924","NOSL","2020-11-03","GILL NET-CORE PANEL","Gizzard Shad","250","1","2020"
"85924","NOSL","2020-11-03","GILL NET-CORE PANEL","Gizzard Shad","290","1","2020"
"85923","NOSL","2020-11-03","GILL NET-CORE PANEL","Gizzard Shad","220","1","2020"
"85923","NOSL","2020-11-03","GILL NET-CORE PANEL","Gizzard Shad","250","2","2020"
"85923","NOSL","2020-11-03","GILL NET-CORE PANEL","Gizzard Shad","270","2","2020"
"85923","NOSL","2020-11-03","GILL NET-CORE PANEL","Gizzard Shad","260","4","2020"
"85923","NOSL","2020-11-03","GILL NET-CORE PANEL","Gizzard Shad","230","2","2020"
"85923","NOSL","2020-11-03","GILL NET-CORE PANEL","Gizzard Shad","240","5","2020"
"85802","WSSL","2020-10-02","GILL NET-CORE PANEL","Gizzard Shad","332","1","2020"
"85800","WSSL","2020-10-02","GILL NET-CORE PANEL","Gizzard Shad","180","1","2020"
"85800","WSSL","2020-10-02","GILL NET-CORE PANEL","Gizzard Shad","100","1","2020"
"85800","WSSL","2020-10-02","GILL NET-CORE PANEL","Gizzard Shad","150","1","2020"
"85800","WSSL","2020-10-02","GILL NET-CORE PANEL","Gizzard Shad","130","2","2020"
"85800","WSSL","2020-10-02","GILL NET-CORE PANEL","Gizzard Shad","140","1","2020"
"85246","DGSL","2020-10-15","GILL NET-CORE PANEL","Gizzard Shad","266","1","2020"
"85246","DGSL","2020-10-15","GILL NET-CORE PANEL","Gizzard Shad","254","1","2020"
"85245","DGSL","2020-10-15","GILL NET-CORE PANEL","Gizzard Shad","266","1","2020"
"85243","DGSL","2020-10-15","GILL NET-CORE PANEL","Gizzard Shad","249","1","2020"
"85242","DGSL","2020-10-15","GILL NET-CORE PANEL","Gizzard Shad","269","1","2020"
"85225","OTSL","2020-10-16","GILL NET-CORE PANEL","Gizzard Shad","150","1","2020"
"85225","OTSL","2020-10-16","GILL NET-CORE PANEL","Gizzard Shad","250","1","2020"
"85225","OTSL","2020-10-16","GILL NET-CORE PANEL","Gizzard Shad","210","1","2020"
"85225","OTSL","2020-10-16","GILL NET-CORE PANEL","Gizzard Shad","220","1","2020"
"85225","OTSL","2020-10-16","GILL NET-CORE PANEL","Gizzard Shad","230","2","2020"
"85225","OTSL","2020-10-16","GILL NET-CORE PANEL","Gizzard Shad","240","2","2020"
"85225","OTSL","2020-10-16","GILL NET-CORE PANEL","Gizzard Shad","200","1","2020"
"85224","OTSL","2020-10-16","GILL NET-CORE PANEL","Gizzard Shad","220","3","2020"
"85224","OTSL","2020-10-16","GILL NET-CORE PANEL","Gizzard Shad","350","1","2020"
"85224","OTSL","2020-10-16","GILL NET-CORE PANEL","Gizzard Shad","250","1","2020"
"85224","OTSL","2020-10-16","GILL NET-CORE PANEL","Gizzard Shad","240","2","2020"
"85224","OTSL","2020-10-16","GILL NET-CORE PANEL","Gizzard Shad","230","4","2020"
"85224","OTSL","2020-10-16","GILL NET-CORE PANEL","Gizzard Shad","210","3","2020"
"85223","OTSL","2020-10-16","GILL NET-CORE PANEL","Gizzard Shad","390","1","2020"
"85223","OTSL","2020-10-16","GILL NET-CORE PANEL","Gizzard Shad","210","8","2020"
"85223","OTSL","2020-10-16","GILL NET-CORE PANEL","Gizzard Shad","140","1","2020"
"85223","OTSL","2020-10-16","GILL NET-CORE PANEL","Gizzard Shad","230","6","2020"
"85223","OTSL","2020-10-16","GILL NET-CORE PANEL","Gizzard Shad","130","1","2020"
"85223","OTSL","2020-10-16","GILL NET-CORE PANEL","Gizzard Shad","220","3","2020"
"85223","OTSL","2020-10-16","GILL NET-CORE PANEL","Gizzard Shad","200","2","2020"
"85223","OTSL","2020-10-16","GILL NET-CORE PANEL","Gizzard Shad","270","1","2020"
"85223","OTSL","2020-10-16","GILL NET-CORE PANEL","Gizzard Shad","240","1","2020"
"85222","OTSL","2020-10-16","GILL NET-CORE PANEL","Gizzard Shad","340","1","2020"
"85221","OTSL","2020-10-16","GILL NET-CORE PANEL","Gizzard Shad","410","1","2020"
"85221","OTSL","2020-10-16","GILL NET-CORE PANEL","Gizzard Shad","390","1","2020"
"85220","OTSL","2020-10-16","GILL NET-CORE PANEL","Gizzard Shad","230","2","2020"
"85220","OTSL","2020-10-16","GILL NET-CORE PANEL","Gizzard Shad","240","1","2020"
"85184","GESL","2020-10-08","GILL NET-CORE PANEL","Gizzard Shad","230","1","2020"
"85184","GESL","2020-10-08","GILL NET-CORE PANEL","Gizzard Shad","180","3","2020"
"85184","GESL","2020-10-08","GILL NET-CORE PANEL","Gizzard Shad","190","7","2020"
"85184","GESL","2020-10-08","GILL NET-CORE PANEL","Gizzard Shad","250","2","2020"
"85183","GESL","2020-10-08","GILL NET-CORE PANEL","Gizzard Shad","220","2","2020"
"85183","GESL","2020-10-08","GILL NET-CORE PANEL","Gizzard Shad","240","1","2020"
"85182","GESL","2020-10-08","GILL NET-CORE PANEL","Gizzard Shad","190","5","2020"
"85182","GESL","2020-10-08","GILL NET-CORE PANEL","Gizzard Shad","220","1","2020"
"85182","GESL","2020-10-08","GILL NET-CORE PANEL","Gizzard Shad","210","1","2020"
"85182","GESL","2020-10-08","GILL NET-CORE PANEL","Gizzard Shad","270","1","2020"
"85182","GESL","2020-10-08","GILL NET-CORE PANEL","Gizzard Shad","250","1","2020"
"85181","GESL","2020-10-08","GILL NET-CORE PANEL","Gizzard Shad","230","1","2020"
"85181","GESL","2020-10-08","GILL NET-CORE PANEL","Gizzard Shad","220","3","2020"
"82440","DGSL","2019-10-04","GILL NET-CORE PANEL","Gizzard Shad","220","1","2019"
"82440","DGSL","2019-10-04","GILL NET-CORE PANEL","Gizzard Shad","230","1","2019"
"82440","DGSL","2019-10-04","GILL NET-CORE PANEL","Gizzard Shad","232","1","2019"
"82440","DGSL","2019-10-04","GILL NET-CORE PANEL","Gizzard Shad","231","1","2019"
"82440","DGSL","2019-10-04","GILL NET-CORE PANEL","Gizzard Shad","234","1","2019"
"82440","DGSL","2019-10-04","GILL NET-CORE PANEL","Gizzard Shad","233","1","2019"
"82440","DGSL","2019-10-04","GILL NET-CORE PANEL","Gizzard Shad","220","1","2019"
"82440","DGSL","2019-10-04","GILL NET-CORE PANEL","Gizzard Shad","226","1","2019"
"82438","DGSL","2019-10-04","GILL NET-CORE PANEL","Gizzard Shad","250","1","2019"
"82430","DGSL","2019-10-04","GILL NET-CORE PANEL","Gizzard Shad","200","1","2019"
"82430","DGSL","2019-10-04","GILL NET-CORE PANEL","Gizzard Shad","216","1","2019"
"81750","CLSL","2019-10-09","GILL NET-CORE PANEL","Gizzard Shad","310","1","2019"
"81749","CLSL","2019-10-09","GILL NET-CORE PANEL","Gizzard Shad","140","1","2019"
"81749","CLSL","2019-10-09","GILL NET-CORE PANEL","Gizzard Shad","340","1","2019"
"81748","CLSL","2019-10-09","GILL NET-CORE PANEL","Gizzard Shad","336","1","2019"
"81748","CLSL","2019-10-09","GILL NET-CORE PANEL","Gizzard Shad","311","1","2019"
"81748","CLSL","2019-10-09","GILL NET-CORE PANEL","Gizzard Shad","141","1","2019"
"81748","CLSL","2019-10-09","GILL NET-CORE PANEL","Gizzard Shad","140","1","2019"
"81747","CLSL","2019-10-09","GILL NET-CORE PANEL","Gizzard Shad","340","1","2019"
"81747","CLSL","2019-10-09","GILL NET-CORE PANEL","Gizzard Shad","317","1","2019"
"81742","BUSL","2019-10-08","GILL NET-CORE PANEL","Gizzard Shad","220","2","2019"
"81742","BUSL","2019-10-08","GILL NET-CORE PANEL","Gizzard Shad","120","6","2019"
"81742","BUSL","2019-10-08","GILL NET-CORE PANEL","Gizzard Shad","210","1","2019"
"81742","BUSL","2019-10-08","GILL NET-CORE PANEL","Gizzard Shad","250","2","2019"
"81742","BUSL","2019-10-08","GILL NET-CORE PANEL","Gizzard Shad","200","1","2019"
"81742","BUSL","2019-10-08","GILL NET-CORE PANEL","Gizzard Shad","240","2","2019"
"81742","BUSL","2019-10-08","GILL NET-CORE PANEL","Gizzard Shad","180","1","2019"
"81742","BUSL","2019-10-08","GILL NET-CORE PANEL","Gizzard Shad","230","5","2019"
"81741","BUSL","2019-10-08","GILL NET-CORE PANEL","Gizzard Shad","110","2","2019"
"81741","BUSL","2019-10-08","GILL NET-CORE PANEL","Gizzard Shad","270","2","2019"
"81741","BUSL","2019-10-08","GILL NET-CORE PANEL","Gizzard Shad","220","3","2019"
"81741","BUSL","2019-10-08","GILL NET-CORE PANEL","Gizzard Shad","250","4","2019"
"81741","BUSL","2019-10-08","GILL NET-CORE PANEL","Gizzard Shad","240","1","2019"
"81741","BUSL","2019-10-08","GILL NET-CORE PANEL","Gizzard Shad","120","7","2019"
"81741","BUSL","2019-10-08","GILL NET-CORE PANEL","Gizzard Shad","230","1","2019"
"81741","BUSL","2019-10-08","GILL NET-CORE PANEL","Gizzard Shad","190","2","2019"
"81740","BUSL","2019-10-08","GILL NET-CORE PANEL","Gizzard Shad","260","2","2019"
"81740","BUSL","2019-10-08","GILL NET-CORE PANEL","Gizzard Shad","250","2","2019"
"81740","BUSL","2019-10-08","GILL NET-CORE PANEL","Gizzard Shad","200","1","2019"
"81740","BUSL","2019-10-08","GILL NET-CORE PANEL","Gizzard Shad","230","2","2019"
"81739","BUSL","2019-10-08","GILL NET-CORE PANEL","Gizzard Shad","260","1","2019"
"81739","BUSL","2019-10-08","GILL NET-CORE PANEL","Gizzard Shad","250","3","2019"
"81739","BUSL","2019-10-08","GILL NET-CORE PANEL","Gizzard Shad","240","1","2019"
"81739","BUSL","2019-10-08","GILL NET-CORE PANEL","Gizzard Shad","230","4","2019"
"81731","OTSL","2019-10-03","GILL NET-CORE PANEL","Gizzard Shad","340","3","2019"
"81731","OTSL","2019-10-03","GILL NET-CORE PANEL","Gizzard Shad","310","1","2019"
"81731","OTSL","2019-10-03","GILL NET-CORE PANEL","Gizzard Shad","210","1","2019"
"81731","OTSL","2019-10-03","GILL NET-CORE PANEL","Gizzard Shad","370","1","2019"
"81731","OTSL","2019-10-03","GILL NET-CORE PANEL","Gizzard Shad","180","3","2019"
"81731","OTSL","2019-10-03","GILL NET-CORE PANEL","Gizzard Shad","150","1","2019"
"81731","OTSL","2019-10-03","GILL NET-CORE PANEL","Gizzard Shad","320","1","2019"
"81731","OTSL","2019-10-03","GILL NET-CORE PANEL","Gizzard Shad","160","1","2019"
"81731","OTSL","2019-10-03","GILL NET-CORE PANEL","Gizzard Shad","140","1","2019"
"81731","OTSL","2019-10-03","GILL NET-CORE PANEL","Gizzard Shad","350","5","2019"
"81731","OTSL","2019-10-03","GILL NET-CORE PANEL","Gizzard Shad","360","1","2019"
"81731","OTSL","2019-10-03","GILL NET-CORE PANEL","Gizzard Shad","130","1","2019"
"81730","OTSL","2019-10-03","GILL NET-CORE PANEL","Gizzard Shad","360","1","2019"
"81730","OTSL","2019-10-03","GILL NET-CORE PANEL","Gizzard Shad","310","1","2019"
"81730","OTSL","2019-10-03","GILL NET-CORE PANEL","Gizzard Shad","150","1","2019"
"81730","OTSL","2019-10-03","GILL NET-CORE PANEL","Gizzard Shad","220","1","2019"
"81730","OTSL","2019-10-03","GILL NET-CORE PANEL","Gizzard Shad","350","3","2019"
"81730","OTSL","2019-10-03","GILL NET-CORE PANEL","Gizzard Shad","330","2","2019"
"81730","OTSL","2019-10-03","GILL NET-CORE PANEL","Gizzard Shad","160","2","2019"
"81730","OTSL","2019-10-03","GILL NET-CORE PANEL","Gizzard Shad","320","3","2019"
"81730","OTSL","2019-10-03","GILL NET-CORE PANEL","Gizzard Shad","180","7","2019"
"81730","OTSL","2019-10-03","GILL NET-CORE PANEL","Gizzard Shad","190","1","2019"
"81730","OTSL","2019-10-03","GILL NET-CORE PANEL","Gizzard Shad","340","2","2019"
"81730","OTSL","2019-10-03","GILL NET-CORE PANEL","Gizzard Shad","170","4","2019"
"81730","OTSL","2019-10-03","GILL NET-CORE PANEL","Gizzard Shad","140","1","2019"
"81729","OTSL","2019-10-03","GILL NET-CORE PANEL","Gizzard Shad","190","1","2019"
"81729","OTSL","2019-10-03","GILL NET-CORE PANEL","Gizzard Shad","330","1","2019"
"81729","OTSL","2019-10-03","GILL NET-CORE PANEL","Gizzard Shad","180","1","2019"
"81729","OTSL","2019-10-03","GILL NET-CORE PANEL","Gizzard Shad","350","1","2019"
"81728","OTSL","2019-10-03","GILL NET-CORE PANEL","Gizzard Shad","350","2","2019"
"81728","OTSL","2019-10-03","GILL NET-CORE PANEL","Gizzard Shad","310","1","2019"
"81728","OTSL","2019-10-03","GILL NET-CORE PANEL","Gizzard Shad","200","1","2019"
"81728","OTSL","2019-10-03","GILL NET-CORE PANEL","Gizzard Shad","340","1","2019"
"81727","OTSL","2019-10-03","GILL NET-CORE PANEL","Gizzard Shad","340","2","2019"
"81727","OTSL","2019-10-03","GILL NET-CORE PANEL","Gizzard Shad","180","5","2019"
"81727","OTSL","2019-10-03","GILL NET-CORE PANEL","Gizzard Shad","210","1","2019"
"81727","OTSL","2019-10-03","GILL NET-CORE PANEL","Gizzard Shad","360","1","2019"
"81727","OTSL","2019-10-03","GILL NET-CORE PANEL","Gizzard Shad","330","3","2019"
"81727","OTSL","2019-10-03","GILL NET-CORE PANEL","Gizzard Shad","350","3","2019"
"81727","OTSL","2019-10-03","GILL NET-CORE PANEL","Gizzard Shad","140","2","2019"
"81727","OTSL","2019-10-03","GILL NET-CORE PANEL","Gizzard Shad","150","4","2019"
"81727","OTSL","2019-10-03","GILL NET-CORE PANEL","Gizzard Shad","370","1","2019"
"81727","OTSL","2019-10-03","GILL NET-CORE PANEL","Gizzard Shad","170","4","2019"
"81727","OTSL","2019-10-03","GILL NET-CORE PANEL","Gizzard Shad","160","1","2019"
"81726","OTSL","2019-10-03","GILL NET-CORE PANEL","Gizzard Shad","180","5","2019"
"81726","OTSL","2019-10-03","GILL NET-CORE PANEL","Gizzard Shad","150","4","2019"
"81726","OTSL","2019-10-03","GILL NET-CORE PANEL","Gizzard Shad","350","4","2019"
"81726","OTSL","2019-10-03","GILL NET-CORE PANEL","Gizzard Shad","160","2","2019"
"81726","OTSL","2019-10-03","GILL NET-CORE PANEL","Gizzard Shad","380","1","2019"
"81726","OTSL","2019-10-03","GILL NET-CORE PANEL","Gizzard Shad","140","6","2019"
"81726","OTSL","2019-10-03","GILL NET-CORE PANEL","Gizzard Shad","170","4","2019"
"81726","OTSL","2019-10-03","GILL NET-CORE PANEL","Gizzard Shad","360","3","2019"
"81726","OTSL","2019-10-03","GILL NET-CORE PANEL","Gizzard Shad","310","1","2019"
"81726","OTSL","2019-10-03","GILL NET-CORE PANEL","Gizzard Shad","320","1","2019"
"81726","OTSL","2019-10-03","GILL NET-CORE PANEL","Gizzard Shad","130","1","2019"
"81726","OTSL","2019-10-03","GILL NET-CORE PANEL","Gizzard Shad","340","1","2019"
"81707","NOSL","2019-10-08","GILL NET-CORE PANEL","Gizzard Shad","130","1","2019"
"81707","NOSL","2019-10-08","GILL NET-CORE PANEL","Gizzard Shad","150","3","2019"
"81707","NOSL","2019-10-08","GILL NET-CORE PANEL","Gizzard Shad","180","2","2019"
"81707","NOSL","2019-10-08","GILL NET-CORE PANEL","Gizzard Shad","170","2","2019"
"81706","NOSL","2019-10-08","GILL NET-CORE PANEL","Gizzard Shad","180","4","2019"
"81706","NOSL","2019-10-08","GILL NET-CORE PANEL","Gizzard Shad","120","1","2019"
"81706","NOSL","2019-10-08","GILL NET-CORE PANEL","Gizzard Shad","170","4","2019"
"81706","NOSL","2019-10-08","GILL NET-CORE PANEL","Gizzard Shad","150","2","2019"
"81706","NOSL","2019-10-08","GILL NET-CORE PANEL","Gizzard Shad","140","6","2019"
"81706","NOSL","2019-10-08","GILL NET-CORE PANEL","Gizzard Shad","190","2","2019"
"81705","NOSL","2019-10-08","GILL NET-CORE PANEL","Gizzard Shad","190","1","2019"
"81705","NOSL","2019-10-08","GILL NET-CORE PANEL","Gizzard Shad","202","1","2019"
"81705","NOSL","2019-10-08","GILL NET-CORE PANEL","Gizzard Shad","180","4","2019"
"81705","NOSL","2019-10-08","GILL NET-CORE PANEL","Gizzard Shad","210","1","2019"
"81705","NOSL","2019-10-08","GILL NET-CORE PANEL","Gizzard Shad","170","1","2019"
"81705","NOSL","2019-10-08","GILL NET-CORE PANEL","Gizzard Shad","170","6","2019"
"81705","NOSL","2019-10-08","GILL NET-CORE PANEL","Gizzard Shad","172","1","2019"
"81704","NOSL","2019-10-08","GILL NET-CORE PANEL","Gizzard Shad","188","1","2019"
"81704","NOSL","2019-10-08","GILL NET-CORE PANEL","Gizzard Shad","142","1","2019"
"81704","NOSL","2019-10-08","GILL NET-CORE PANEL","Gizzard Shad","144","1","2019"
"81704","NOSL","2019-10-08","GILL NET-CORE PANEL","Gizzard Shad","180","1","2019"
"81704","NOSL","2019-10-08","GILL NET-CORE PANEL","Gizzard Shad","144","1","2019"
"81704","NOSL","2019-10-08","GILL NET-CORE PANEL","Gizzard Shad","178","1","2019"
"81704","NOSL","2019-10-08","GILL NET-CORE PANEL","Gizzard Shad","204","1","2019"
"81704","NOSL","2019-10-08","GILL NET-CORE PANEL","Gizzard Shad","178","1","2019"
"81704","NOSL","2019-10-08","GILL NET-CORE PANEL","Gizzard Shad","144","1","2019"
"81704","NOSL","2019-10-08","GILL NET-CORE PANEL","Gizzard Shad","152","1","2019"
"81704","NOSL","2019-10-08","GILL NET-CORE PANEL","Gizzard Shad","174","1","2019"
"81704","NOSL","2019-10-08","GILL NET-CORE PANEL","Gizzard Shad","182","1","2019"
"81704","NOSL","2019-10-08","GILL NET-CORE PANEL","Gizzard Shad","182","1","2019"
"81704","NOSL","2019-10-08","GILL NET-CORE PANEL","Gizzard Shad","212","1","2019"
"81704","NOSL","2019-10-08","GILL NET-CORE PANEL","Gizzard Shad","180","1","2019"
"81704","NOSL","2019-10-08","GILL NET-CORE PANEL","Gizzard Shad","188","1","2019"
"81704","NOSL","2019-10-08","GILL NET-CORE PANEL","Gizzard Shad","161","1","2019"
"81704","NOSL","2019-10-08","GILL NET-CORE PANEL","Gizzard Shad","192","1","2019"
"81704","NOSL","2019-10-08","GILL NET-CORE PANEL","Gizzard Shad","180","1","2019"
"81704","NOSL","2019-10-08","GILL NET-CORE PANEL","Gizzard Shad","140","1","2019"
"81704","NOSL","2019-10-08","GILL NET-CORE PANEL","Gizzard Shad","178","1","2019"
"81704","NOSL","2019-10-08","GILL NET-CORE PANEL","Gizzard Shad","168","1","2019"
"81704","NOSL","2019-10-08","GILL NET-CORE PANEL","Gizzard Shad","182","1","2019"
"81704","NOSL","2019-10-08","GILL NET-CORE PANEL","Gizzard Shad","178","1","2019"
"81704","NOSL","2019-10-08","GILL NET-CORE PANEL","Gizzard Shad","148","1","2019"
"81704","NOSL","2019-10-08","GILL NET-CORE PANEL","Gizzard Shad","142","1","2019"
"81704","NOSL","2019-10-08","GILL NET-CORE PANEL","Gizzard Shad","158","1","2019"
"81673","GESL","2019-10-08","GILL NET-CORE PANEL","Gizzard Shad","430","1","2019"
"81673","GESL","2019-10-08","GILL NET-CORE PANEL","Gizzard Shad","420","1","2019"
"81672","GESL","2019-10-08","GILL NET-CORE PANEL","Gizzard Shad","140","1","2019"
"81672","GESL","2019-10-08","GILL NET-CORE PANEL","Gizzard Shad","190","1","2019"
"81672","GESL","2019-10-08","GILL NET-CORE PANEL","Gizzard Shad","180","1","2019"
"81672","GESL","2019-10-08","GILL NET-CORE PANEL","Gizzard Shad","170","2","2019"
"81671","GESL","2019-10-08","GILL NET-CORE PANEL","Gizzard Shad","160","1","2019"
"81671","GESL","2019-10-08","GILL NET-CORE PANEL","Gizzard Shad","150","2","2019"
"81671","GESL","2019-10-08","GILL NET-CORE PANEL","Gizzard Shad","140","5","2019"
"81670","GESL","2019-10-08","GILL NET-CORE PANEL","Gizzard Shad","390","2","2019"
"81670","GESL","2019-10-08","GILL NET-CORE PANEL","Gizzard Shad","380","2","2019"
"81670","GESL","2019-10-08","GILL NET-CORE PANEL","Gizzard Shad","180","1","2019"
"80910","CASL","2018-10-23","GILL NET-CORE PANEL","Gizzard Shad","290","1","2018"
"80910","CASL","2018-10-23","GILL NET-CORE PANEL","Gizzard Shad","315","1","2018"
"80910","CASL","2018-10-23","GILL NET-CORE PANEL","Gizzard Shad","295","1","2018"
"80910","CASL","2018-10-23","GILL NET-CORE PANEL","Gizzard Shad","265","1","2018"
"80910","CASL","2018-10-23","GILL NET-CORE PANEL","Gizzard Shad","340","1","2018"
"80910","CASL","2018-10-23","GILL NET-CORE PANEL","Gizzard Shad","325","1","2018"
"80910","CASL","2018-10-23","GILL NET-CORE PANEL","Gizzard Shad","275","1","2018"
"80910","CASL","2018-10-23","GILL NET-CORE PANEL","Gizzard Shad","375","1","2018"
"80910","CASL","2018-10-23","GILL NET-CORE PANEL","Gizzard Shad","260","1","2018"
"80910","CASL","2018-10-23","GILL NET-CORE PANEL","Gizzard Shad","255","1","2018"
"80910","CASL","2018-10-23","GILL NET-CORE PANEL","Gizzard Shad","270","1","2018"
"80910","CASL","2018-10-23","GILL NET-CORE PANEL","Gizzard Shad","285","1","2018"
"80910","CASL","2018-10-23","GILL NET-CORE PANEL","Gizzard Shad","300","1","2018"
"80910","CASL","2018-10-23","GILL NET-CORE PANEL","Gizzard Shad","310","1","2018"
"80910","CASL","2018-10-23","GILL NET-CORE PANEL","Gizzard Shad","275","1","2018"
"80910","CASL","2018-10-23","GILL NET-CORE PANEL","Gizzard Shad","265","1","2018"
"80910","CASL","2018-10-23","GILL NET-CORE PANEL","Gizzard Shad","320","1","2018"
"80910","CASL","2018-10-23","GILL NET-CORE PANEL","Gizzard Shad","295","1","2018"
"80910","CASL","2018-10-23","GILL NET-CORE PANEL","Gizzard Shad","305","1","2018"
"80910","CASL","2018-10-23","GILL NET-CORE PANEL","Gizzard Shad","270","1","2018"
"31983","OTSL","2018-10-05","GILL NET-CORE PANEL","Gizzard Shad","370","1","2018"
"31983","OTSL","2018-10-05","GILL NET-CORE PANEL","Gizzard Shad","240","1","2018"
"31983","OTSL","2018-10-05","GILL NET-CORE PANEL","Gizzard Shad","260","1","2018"
"31983","OTSL","2018-10-05","GILL NET-CORE PANEL","Gizzard Shad","360","1","2018"
"31982","OTSL","2018-10-05","GILL NET-CORE PANEL","Gizzard Shad","240","2","2018"
"31982","OTSL","2018-10-05","GILL NET-CORE PANEL","Gizzard Shad","230","1","2018"
"31981","OTSL","2018-10-05","GILL NET-CORE PANEL","Gizzard Shad","270","1","2018"
"31981","OTSL","2018-10-05","GILL NET-CORE PANEL","Gizzard Shad","260","1","2018"
"31978","OTSL","2018-10-05","GILL NET-CORE PANEL","Gizzard Shad","250","1","2018"
"30846","WSSL","2018-09-28","GILL NET-CORE PANEL","Gizzard Shad","369","","2018"
"30846","WSSL","2018-09-28","GILL NET-CORE PANEL","Gizzard Shad","361","","2018"
"30846","WSSL","2018-09-28","GILL NET-CORE PANEL","Gizzard Shad","356","","2018"
"30846","WSSL","2018-09-28","GILL NET-CORE PANEL","Gizzard Shad","406","","2018"
"30846","WSSL","2018-09-28","GILL NET-CORE PANEL","Gizzard Shad","379","","2018"
"30845","WSSL","2018-09-28","GILL NET-CORE PANEL","Gizzard Shad","155","","2018"
"30845","WSSL","2018-09-28","GILL NET-CORE PANEL","Gizzard Shad","418","","2018"
"30812","SNSL","2018-10-05","GILL NET-CORE PANEL","Gizzard Shad","282","","2018"
"30811","SNSL","2018-10-05","GILL NET-CORE PANEL","Gizzard Shad","230","1","2018"
"30811","SNSL","2018-10-05","GILL NET-CORE PANEL","Gizzard Shad","266","","2018"
"30808","SNSL","2018-10-05","GILL NET-CORE PANEL","Gizzard Shad","281","","2018"
"30781","PTSA","2018-09-25","GILL NET-CORE PANEL","Gizzard Shad","280","5","2018"
"30781","PTSA","2018-09-25","GILL NET-CORE PANEL","Gizzard Shad","270","3","2018"
"30781","PTSA","2018-09-25","GILL NET-CORE PANEL","Gizzard Shad","439","","2018"
"30780","PTSA","2018-09-25","GILL NET-CORE PANEL","Gizzard Shad","269","","2018"
"30780","PTSA","2018-09-25","GILL NET-CORE PANEL","Gizzard Shad","280","5","2018"
"30780","PTSA","2018-09-25","GILL NET-CORE PANEL","Gizzard Shad","294","","2018"
"30780","PTSA","2018-09-25","GILL NET-CORE PANEL","Gizzard Shad","283","","2018"
"30780","PTSA","2018-09-25","GILL NET-CORE PANEL","Gizzard Shad","270","8","2018"
"30780","PTSA","2018-09-25","GILL NET-CORE PANEL","Gizzard Shad","293","","2018"
"30780","PTSA","2018-09-25","GILL NET-CORE PANEL","Gizzard Shad","305","","2018"
"30780","PTSA","2018-09-25","GILL NET-CORE PANEL","Gizzard Shad","269","","2018"
"30780","PTSA","2018-09-25","GILL NET-CORE PANEL","Gizzard Shad","268","","2018"
"30780","PTSA","2018-09-25","GILL NET-CORE PANEL","Gizzard Shad","321","","2018"
"30780","PTSA","2018-09-25","GILL NET-CORE PANEL","Gizzard Shad","297","","2018"
"30780","PTSA","2018-09-25","GILL NET-CORE PANEL","Gizzard Shad","432","","2018"
"30779","PTSA","2018-09-25","GILL NET-CORE PANEL","Gizzard Shad","276","","2018"
"30779","PTSA","2018-09-25","GILL NET-CORE PANEL","Gizzard Shad","275","","2018"
"30779","PTSA","2018-09-25","GILL NET-CORE PANEL","Gizzard Shad","290","","2018"
"30779","PTSA","2018-09-25","GILL NET-CORE PANEL","Gizzard Shad","298","","2018"
"30779","PTSA","2018-09-25","GILL NET-CORE PANEL","Gizzard Shad","270","1","2018"
"30779","PTSA","2018-09-25","GILL NET-CORE PANEL","Gizzard Shad","270","","2018"
"30779","PTSA","2018-09-25","GILL NET-CORE PANEL","Gizzard Shad","289","","2018"
"30779","PTSA","2018-09-25","GILL NET-CORE PANEL","Gizzard Shad","290","","2018"
"30779","PTSA","2018-09-25","GILL NET-CORE PANEL","Gizzard Shad","280","1","2018"
"30779","PTSA","2018-09-25","GILL NET-CORE PANEL","Gizzard Shad","280","","2018"
"30779","PTSA","2018-09-25","GILL NET-CORE PANEL","Gizzard Shad","273","","2018"
"30779","PTSA","2018-09-25","GILL NET-CORE PANEL","Gizzard Shad","285","","2018"
"30779","PTSA","2018-09-25","GILL NET-CORE PANEL","Gizzard Shad","272","","2018"
"30779","PTSA","2018-09-25","GILL NET-CORE PANEL","Gizzard Shad","285","","2018"
"30779","PTSA","2018-09-25","GILL NET-CORE PANEL","Gizzard Shad","284","","2018"
"30779","PTSA","2018-09-25","GILL NET-CORE PANEL","Gizzard Shad","319","","2018"
"30779","PTSA","2018-09-25","GILL NET-CORE PANEL","Gizzard Shad","282","","2018"
"30779","PTSA","2018-09-25","GILL NET-CORE PANEL","Gizzard Shad","279","","2018"
"30717","GESL","2018-10-02","GILL NET-CORE PANEL","Gizzard Shad","300","1","2018"
"30717","GESL","2018-10-02","GILL NET-CORE PANEL","Gizzard Shad","280","1","2018"
"30717","GESL","2018-10-02","GILL NET-CORE PANEL","Gizzard Shad","300","1","2018"
"30717","GESL","2018-10-02","GILL NET-CORE PANEL","Gizzard Shad","310","1","2018"
"30717","GESL","2018-10-02","GILL NET-CORE PANEL","Gizzard Shad","250","1","2018"
"30717","GESL","2018-10-02","GILL NET-CORE PANEL","Gizzard Shad","290","1","2018"
"30717","GESL","2018-10-02","GILL NET-CORE PANEL","Gizzard Shad","280","1","2018"
"30716","GESL","2018-10-02","GILL NET-CORE PANEL","Gizzard Shad","290","1","2018"
"30716","GESL","2018-10-02","GILL NET-CORE PANEL","Gizzard Shad","280","1","2018"
"30716","GESL","2018-10-02","GILL NET-CORE PANEL","Gizzard Shad","310","1","2018"
"30716","GESL","2018-10-02","GILL NET-CORE PANEL","Gizzard Shad","300","1","2018"
"30716","GESL","2018-10-02","GILL NET-CORE PANEL","Gizzard Shad","270","1","2018"
"30715","GESL","2018-10-02","GILL NET-CORE PANEL","Gizzard Shad","300","1","2018"
"30715","GESL","2018-10-02","GILL NET-CORE PANEL","Gizzard Shad","320","1","2018"
"30715","GESL","2018-10-02","GILL NET-CORE PANEL","Gizzard Shad","240","1","2018"
"30715","GESL","2018-10-02","GILL NET-CORE PANEL","Gizzard Shad","240","1","2018"
"30715","GESL","2018-10-02","GILL NET-CORE PANEL","Gizzard Shad","300","1","2018"
"30715","GESL","2018-10-02","GILL NET-CORE PANEL","Gizzard Shad","290","1","2018"
"30715","GESL","2018-10-02","GILL NET-CORE PANEL","Gizzard Shad","300","1","2018"
"30715","GESL","2018-10-02","GILL NET-CORE PANEL","Gizzard Shad","300","1","2018"
"30715","GESL","2018-10-02","GILL NET-CORE PANEL","Gizzard Shad","280","1","2018"
"30715","GESL","2018-10-02","GILL NET-CORE PANEL","Gizzard Shad","370","1","2018"
"30715","GESL","2018-10-02","GILL NET-CORE PANEL","Gizzard Shad","280","1","2018"
"30715","GESL","2018-10-02","GILL NET-CORE PANEL","Gizzard Shad","320","1","2018"
"30715","GESL","2018-10-02","GILL NET-CORE PANEL","Gizzard Shad","300","1","2018"
"30714","GESL","2018-10-02","GILL NET-CORE PANEL","Gizzard Shad","350","1","2018"
"30714","GESL","2018-10-02","GILL NET-CORE PANEL","Gizzard Shad","300","1","2018"
"30714","GESL","2018-10-02","GILL NET-CORE PANEL","Gizzard Shad","300","1","2018"
"30714","GESL","2018-10-02","GILL NET-CORE PANEL","Gizzard Shad","300","1","2018"
"30714","GESL","2018-10-02","GILL NET-CORE PANEL","Gizzard Shad","280","1","2018"
"30714","GESL","2018-10-02","GILL NET-CORE PANEL","Gizzard Shad","300","1","2018"
"30714","GESL","2018-10-02","GILL NET-CORE PANEL","Gizzard Shad","320","1","2018"
"30714","GESL","2018-10-02","GILL NET-CORE PANEL","Gizzard Shad","270","1","2018"
"30714","GESL","2018-10-02","GILL NET-CORE PANEL","Gizzard Shad","220","1","2018"
"30714","GESL","2018-10-02","GILL NET-CORE PANEL","Gizzard Shad","310","1","2018"
"30714","GESL","2018-10-02","GILL NET-CORE PANEL","Gizzard Shad","320","1","2018"
"30714","GESL","2018-10-02","GILL NET-CORE PANEL","Gizzard Shad","300","1","2018"
"30394","CLSL","2018-10-02","GILL NET-CORE PANEL","Gizzard Shad","310","1","2018"
"30391","CLSL","2018-10-02","GILL NET-CORE PANEL","Gizzard Shad","280","1","2018"
"30386","BUSL","2018-10-01","GILL NET-CORE PANEL","Gizzard Shad","140","1","2018"
"30386","BUSL","2018-10-01","GILL NET-CORE PANEL","Gizzard Shad","190","2","2018"
"30386","BUSL","2018-10-01","GILL NET-CORE PANEL","Gizzard Shad","230","4","2018"
"30386","BUSL","2018-10-01","GILL NET-CORE PANEL","Gizzard Shad","270","1","2018"
"30386","BUSL","2018-10-01","GILL NET-CORE PANEL","Gizzard Shad","220","3","2018"
"30386","BUSL","2018-10-01","GILL NET-CORE PANEL","Gizzard Shad","210","1","2018"
"30386","BUSL","2018-10-01","GILL NET-CORE PANEL","Gizzard Shad","250","1","2018"
"30386","BUSL","2018-10-01","GILL NET-CORE PANEL","Gizzard Shad","130","1","2018"
"30386","BUSL","2018-10-01","GILL NET-CORE PANEL","Gizzard Shad","200","2","2018"
"30386","BUSL","2018-10-01","GILL NET-CORE PANEL","Gizzard Shad","240","2","2018"
"30385","BUSL","2018-10-01","GILL NET-CORE PANEL","Gizzard Shad","210","3","2018"
"30385","BUSL","2018-10-01","GILL NET-CORE PANEL","Gizzard Shad","250","2","2018"
"30385","BUSL","2018-10-01","GILL NET-CORE PANEL","Gizzard Shad","240","1","2018"
"30385","BUSL","2018-10-01","GILL NET-CORE PANEL","Gizzard Shad","190","1","2018"
"30385","BUSL","2018-10-01","GILL NET-CORE PANEL","Gizzard Shad","230","1","2018"
"30385","BUSL","2018-10-01","GILL NET-CORE PANEL","Gizzard Shad","200","1","2018"
"30385","BUSL","2018-10-01","GILL NET-CORE PANEL","Gizzard Shad","220","1","2018"
"30385","BUSL","2018-10-01","GILL NET-CORE PANEL","Gizzard Shad","270","1","2018"
"30384","BUSL","2018-10-01","GILL NET-CORE PANEL","Gizzard Shad","360","1","2018"
"30384","BUSL","2018-10-01","GILL NET-CORE PANEL","Gizzard Shad","240","5","2018"
"30384","BUSL","2018-10-01","GILL NET-CORE PANEL","Gizzard Shad","200","1","2018"
"30384","BUSL","2018-10-01","GILL NET-CORE PANEL","Gizzard Shad","190","1","2018"
"30384","BUSL","2018-10-01","GILL NET-CORE PANEL","Gizzard Shad","390","1","2018"
"30384","BUSL","2018-10-01","GILL NET-CORE PANEL","Gizzard Shad","250","3","2018"
"30384","BUSL","2018-10-01","GILL NET-CORE PANEL","Gizzard Shad","230","3","2018"
"30384","BUSL","2018-10-01","GILL NET-CORE PANEL","Gizzard Shad","210","2","2018"
"30384","BUSL","2018-10-01","GILL NET-CORE PANEL","Gizzard Shad","260","1","2018"
"30384","BUSL","2018-10-01","GILL NET-CORE PANEL","Gizzard Shad","220","3","2018"
"30384","BUSL","2018-10-01","GILL NET-CORE PANEL","Gizzard Shad","270","1","2018"
"30384","BUSL","2018-10-01","GILL NET-CORE PANEL","Gizzard Shad","230","2","2018"
"30384","BUSL","2018-10-01","GILL NET-CORE PANEL","Gizzard Shad","140","2","2018"
"30383","BUSL","2018-10-01","GILL NET-CORE PANEL","Gizzard Shad","250","1","2018"
"30383","BUSL","2018-10-01","GILL NET-CORE PANEL","Gizzard Shad","220","4","2018"
"30383","BUSL","2018-10-01","GILL NET-CORE PANEL","Gizzard Shad","190","1","2018"
"30383","BUSL","2018-10-01","GILL NET-CORE PANEL","Gizzard Shad","230","4","2018"
"30383","BUSL","2018-10-01","GILL NET-CORE PANEL","Gizzard Shad","240","2","2018"
"30383","BUSL","2018-10-01","GILL NET-CORE PANEL","Gizzard Shad","130","1","2018"
"30383","BUSL","2018-10-01","GILL NET-CORE PANEL","Gizzard Shad","290","2","2018"
"30383","BUSL","2018-10-01","GILL NET-CORE PANEL","Gizzard Shad","200","1","2018"
"30383","BUSL","2018-10-01","GILL NET-CORE PANEL","Gizzard Shad","210","2","2018"
"30383","BUSL","2018-10-01","GILL NET-CORE PANEL","Gizzard Shad","210","2","2018"
"30342","NOSL","2018-10-04","GILL NET-CORE PANEL","Gizzard Shad","295","","2018"
"30342","NOSL","2018-10-04","GILL NET-CORE PANEL","Gizzard Shad","292","","2018"
"30342","NOSL","2018-10-04","GILL NET-CORE PANEL","Gizzard Shad","295","","2018"
"30342","NOSL","2018-10-04","GILL NET-CORE PANEL","Gizzard Shad","120","3","2018"
"30342","NOSL","2018-10-04","GILL NET-CORE PANEL","Gizzard Shad","363","","2018"
"30342","NOSL","2018-10-04","GILL NET-CORE PANEL","Gizzard Shad","300","","2018"
"30342","NOSL","2018-10-04","GILL NET-CORE PANEL","Gizzard Shad","385","","2018"
"30342","NOSL","2018-10-04","GILL NET-CORE PANEL","Gizzard Shad","230","","2018"
"30342","NOSL","2018-10-04","GILL NET-CORE PANEL","Gizzard Shad","140","3","2018"
"30342","NOSL","2018-10-04","GILL NET-CORE PANEL","Gizzard Shad","366","","2018"
"30342","NOSL","2018-10-04","GILL NET-CORE PANEL","Gizzard Shad","290","","2018"
"30342","NOSL","2018-10-04","GILL NET-CORE PANEL","Gizzard Shad","315","","2018"
"30342","NOSL","2018-10-04","GILL NET-CORE PANEL","Gizzard Shad","245","","2018"
"30342","NOSL","2018-10-04","GILL NET-CORE PANEL","Gizzard Shad","130","12","2018"
"30342","NOSL","2018-10-04","GILL NET-CORE PANEL","Gizzard Shad","310","","2018"
"30342","NOSL","2018-10-04","GILL NET-CORE PANEL","Gizzard Shad","300","","2018"
"30342","NOSL","2018-10-04","GILL NET-CORE PANEL","Gizzard Shad","306","","2018"
"30341","NOSL","2018-10-04","GILL NET-CORE PANEL","Gizzard Shad","130","8","2018"
"30341","NOSL","2018-10-04","GILL NET-CORE PANEL","Gizzard Shad","310","","2018"
"30341","NOSL","2018-10-04","GILL NET-CORE PANEL","Gizzard Shad","300","","2018"
"30341","NOSL","2018-10-04","GILL NET-CORE PANEL","Gizzard Shad","290","","2018"
"30341","NOSL","2018-10-04","GILL NET-CORE PANEL","Gizzard Shad","140","2","2018"
"30341","NOSL","2018-10-04","GILL NET-CORE PANEL","Gizzard Shad","290","","2018"
"30340","NOSL","2018-10-04","GILL NET-CORE PANEL","Gizzard Shad","125","","2018"
"30340","NOSL","2018-10-04","GILL NET-CORE PANEL","Gizzard Shad","126","","2018"
"30340","NOSL","2018-10-04","GILL NET-CORE PANEL","Gizzard Shad","342","","2018"
"30340","NOSL","2018-10-04","GILL NET-CORE PANEL","Gizzard Shad","136","","2018"
"30340","NOSL","2018-10-04","GILL NET-CORE PANEL","Gizzard Shad","342","","2018"
"30340","NOSL","2018-10-04","GILL NET-CORE PANEL","Gizzard Shad","122","","2018"
"30340","NOSL","2018-10-04","GILL NET-CORE PANEL","Gizzard Shad","331","","2018"
"30340","NOSL","2018-10-04","GILL NET-CORE PANEL","Gizzard Shad","126","","2018"
"30340","NOSL","2018-10-04","GILL NET-CORE PANEL","Gizzard Shad","125","","2018"
"30340","NOSL","2018-10-04","GILL NET-CORE PANEL","Gizzard Shad","135","","2018"
"30340","NOSL","2018-10-04","GILL NET-CORE PANEL","Gizzard Shad","136","","2018"
"30340","NOSL","2018-10-04","GILL NET-CORE PANEL","Gizzard Shad","323","","2018"
"30340","NOSL","2018-10-04","GILL NET-CORE PANEL","Gizzard Shad","134","","2018"
"30340","NOSL","2018-10-04","GILL NET-CORE PANEL","Gizzard Shad","307","","2018"
"30340","NOSL","2018-10-04","GILL NET-CORE PANEL","Gizzard Shad","136","","2018"
"30340","NOSL","2018-10-04","GILL NET-CORE PANEL","Gizzard Shad","320","","2018"
"30340","NOSL","2018-10-04","GILL NET-CORE PANEL","Gizzard Shad","130","","2018"
"30340","NOSL","2018-10-04","GILL NET-CORE PANEL","Gizzard Shad","138","","2018"
"30340","NOSL","2018-10-04","GILL NET-CORE PANEL","Gizzard Shad","157","","2018"
"30340","NOSL","2018-10-04","GILL NET-CORE PANEL","Gizzard Shad","136","","2018"
"30340","NOSL","2018-10-04","GILL NET-CORE PANEL","Gizzard Shad","285","","2018"
"30340","NOSL","2018-10-04","GILL NET-CORE PANEL","Gizzard Shad","135","","2018"
"30340","NOSL","2018-10-04","GILL NET-CORE PANEL","Gizzard Shad","322","","2018"
"30340","NOSL","2018-10-04","GILL NET-CORE PANEL","Gizzard Shad","136","","2018"
"30340","NOSL","2018-10-04","GILL NET-CORE PANEL","Gizzard Shad","244","","2018"
"30340","NOSL","2018-10-04","GILL NET-CORE PANEL","Gizzard Shad","135","","2018"
"30340","NOSL","2018-10-04","GILL NET-CORE PANEL","Gizzard Shad","127","","2018"
"30340","NOSL","2018-10-04","GILL NET-CORE PANEL","Gizzard Shad","142","","2018"
"30340","NOSL","2018-10-04","GILL NET-CORE PANEL","Gizzard Shad","285","","2018"
"30340","NOSL","2018-10-04","GILL NET-CORE PANEL","Gizzard Shad","136","","2018"
"30340","NOSL","2018-10-04","GILL NET-CORE PANEL","Gizzard Shad","288","","2018"
"30340","NOSL","2018-10-04","GILL NET-CORE PANEL","Gizzard Shad","136","","2018"
"30340","NOSL","2018-10-04","GILL NET-CORE PANEL","Gizzard Shad","315","","2018"
"30340","NOSL","2018-10-04","GILL NET-CORE PANEL","Gizzard Shad","340","","2018"
"30340","NOSL","2018-10-04","GILL NET-CORE PANEL","Gizzard Shad","130","","2018"
"30340","NOSL","2018-10-04","GILL NET-CORE PANEL","Gizzard Shad","130","","2018"
"30339","NOSL","2018-10-04","GILL NET-CORE PANEL","Gizzard Shad","305","","2018"
"30339","NOSL","2018-10-04","GILL NET-CORE PANEL","Gizzard Shad","321","","2018"
"30339","NOSL","2018-10-04","GILL NET-CORE PANEL","Gizzard Shad","120","1","2018"
"30339","NOSL","2018-10-04","GILL NET-CORE PANEL","Gizzard Shad","234","","2018"
"30339","NOSL","2018-10-04","GILL NET-CORE PANEL","Gizzard Shad","290","","2018"
"30339","NOSL","2018-10-04","GILL NET-CORE PANEL","Gizzard Shad","140","9","2018"
"30339","NOSL","2018-10-04","GILL NET-CORE PANEL","Gizzard Shad","338","","2018"
"30339","NOSL","2018-10-04","GILL NET-CORE PANEL","Gizzard Shad","315","","2018"
"30339","NOSL","2018-10-04","GILL NET-CORE PANEL","Gizzard Shad","327","","2018"
"30339","NOSL","2018-10-04","GILL NET-CORE PANEL","Gizzard Shad","130","13","2018"
"30339","NOSL","2018-10-04","GILL NET-CORE PANEL","Gizzard Shad","310","","2018"
"30339","NOSL","2018-10-04","GILL NET-CORE PANEL","Gizzard Shad","365","","2018"
"30339","NOSL","2018-10-04","GILL NET-CORE PANEL","Gizzard Shad","215","","2018"
"29844","OTSL","2017-10-06","GILL NET-CORE PANEL","Gizzard Shad","331","","2017"
"29844","OTSL","2017-10-06","GILL NET-CORE PANEL","Gizzard Shad","333","","2017"
"29844","OTSL","2017-10-06","GILL NET-CORE PANEL","Gizzard Shad","134","","2017"
"29844","OTSL","2017-10-06","GILL NET-CORE PANEL","Gizzard Shad","346","","2017"
"29843","OTSL","2017-10-06","GILL NET-CORE PANEL","Gizzard Shad","140","","2017"
"29843","OTSL","2017-10-06","GILL NET-CORE PANEL","Gizzard Shad","333","","2017"
"29842","OTSL","2017-10-06","GILL NET-CORE PANEL","Gizzard Shad","329","","2017"
"29842","OTSL","2017-10-06","GILL NET-CORE PANEL","Gizzard Shad","131","","2017"
"29841","OTSL","2017-10-06","GILL NET-CORE PANEL","Gizzard Shad","315","","2017"
"29841","OTSL","2017-10-06","GILL NET-CORE PANEL","Gizzard Shad","132","","2017"
"29841","OTSL","2017-10-06","GILL NET-CORE PANEL","Gizzard Shad","298","","2017"
"29841","OTSL","2017-10-06","GILL NET-CORE PANEL","Gizzard Shad","336","","2017"
"29841","OTSL","2017-10-06","GILL NET-CORE PANEL","Gizzard Shad","317","","2017"
"29840","OTSL","2017-10-06","GILL NET-CORE PANEL","Gizzard Shad","141","","2017"
"29018","DGSL","2018-10-02","GILL NET-CORE PANEL","Gizzard Shad","145","","2018"
"29017","DGSL","2018-10-02","GILL NET-CORE PANEL","Gizzard Shad","240","","2018"
"29017","DGSL","2018-10-02","GILL NET-CORE PANEL","Gizzard Shad","202","","2018"
"29017","DGSL","2018-10-02","GILL NET-CORE PANEL","Gizzard Shad","167","","2018"
"29017","DGSL","2018-10-02","GILL NET-CORE PANEL","Gizzard Shad","183","","2018"
"29015","DGSL","2018-10-02","GILL NET-CORE PANEL","Gizzard Shad","211","","2018"
"29014","DGSL","2018-10-02","GILL NET-CORE PANEL","Gizzard Shad","214","","2018"
"29014","DGSL","2018-10-02","GILL NET-CORE PANEL","Gizzard Shad","215","","2018"
"29014","DGSL","2018-10-02","GILL NET-CORE PANEL","Gizzard Shad","221","","2018"
"29013","DGSL","2018-10-02","GILL NET-CORE PANEL","Gizzard Shad","189","","2018"
"29013","DGSL","2018-10-02","GILL NET-CORE PANEL","Gizzard Shad","227","","2018"
"29013","DGSL","2018-10-02","GILL NET-CORE PANEL","Gizzard Shad","174","","2018"
"29013","DGSL","2018-10-02","GILL NET-CORE PANEL","Gizzard Shad","191","","2018"
"29013","DGSL","2018-10-02","GILL NET-CORE PANEL","Gizzard Shad","220","","2018"
"29013","DGSL","2018-10-02","GILL NET-CORE PANEL","Gizzard Shad","170","","2018"
"28456","BUSL","2017-09-29","GILL NET-CORE PANEL","Gizzard Shad","233","","2017"
"28456","BUSL","2017-09-29","GILL NET-CORE PANEL","Gizzard Shad","290","","2017"
"28456","BUSL","2017-09-29","GILL NET-CORE PANEL","Gizzard Shad","203","","2017"
"28456","BUSL","2017-09-29","GILL NET-CORE PANEL","Gizzard Shad","236","","2017"
"28456","BUSL","2017-09-29","GILL NET-CORE PANEL","Gizzard Shad","135","","2017"
"28456","BUSL","2017-09-29","GILL NET-CORE PANEL","Gizzard Shad","223","","2017"
"28456","BUSL","2017-09-29","GILL NET-CORE PANEL","Gizzard Shad","233","","2017"
"28456","BUSL","2017-09-29","GILL NET-CORE PANEL","Gizzard Shad","244","","2017"
"28456","BUSL","2017-09-29","GILL NET-CORE PANEL","Gizzard Shad","309","","2017"
"28456","BUSL","2017-09-29","GILL NET-CORE PANEL","Gizzard Shad","207","","2017"
"28456","BUSL","2017-09-29","GILL NET-CORE PANEL","Gizzard Shad","236","","2017"
"28455","BUSL","2017-09-29","GILL NET-CORE PANEL","Gizzard Shad","254","","2017"
"28455","BUSL","2017-09-29","GILL NET-CORE PANEL","Gizzard Shad","220","","2017"
"28455","BUSL","2017-09-29","GILL NET-CORE PANEL","Gizzard Shad","224","","2017"
"28455","BUSL","2017-09-29","GILL NET-CORE PANEL","Gizzard Shad","312","","2017"
"28455","BUSL","2017-09-29","GILL NET-CORE PANEL","Gizzard Shad","136","","2017"
"28455","BUSL","2017-09-29","GILL NET-CORE PANEL","Gizzard Shad","137","","2017"
"28455","BUSL","2017-09-29","GILL NET-CORE PANEL","Gizzard Shad","220","","2017"
"28455","BUSL","2017-09-29","GILL NET-CORE PANEL","Gizzard Shad","227","","2017"
"28455","BUSL","2017-09-29","GILL NET-CORE PANEL","Gizzard Shad","200","","2017"
"28455","BUSL","2017-09-29","GILL NET-CORE PANEL","Gizzard Shad","220","","2017"
"28455","BUSL","2017-09-29","GILL NET-CORE PANEL","Gizzard Shad","135","","2017"
"28455","BUSL","2017-09-29","GILL NET-CORE PANEL","Gizzard Shad","250","","2017"
"28455","BUSL","2017-09-29","GILL NET-CORE PANEL","Gizzard Shad","220","","2017"
"28455","BUSL","2017-09-29","GILL NET-CORE PANEL","Gizzard Shad","257","","2017"
"28455","BUSL","2017-09-29","GILL NET-CORE PANEL","Gizzard Shad","240","","2017"
"28455","BUSL","2017-09-29","GILL NET-CORE PANEL","Gizzard Shad","212","","2017"
"28455","BUSL","2017-09-29","GILL NET-CORE PANEL","Gizzard Shad","224","","2017"
"28455","BUSL","2017-09-29","GILL NET-CORE PANEL","Gizzard Shad","216","","2017"
"28455","BUSL","2017-09-29","GILL NET-CORE PANEL","Gizzard Shad","236","","2017"
"28455","BUSL","2017-09-29","GILL NET-CORE PANEL","Gizzard Shad","231","","2017"
"28455","BUSL","2017-09-29","GILL NET-CORE PANEL","Gizzard Shad","231","","2017"
"28455","BUSL","2017-09-29","GILL NET-CORE PANEL","Gizzard Shad","229","","2017"
"28455","BUSL","2017-09-29","GILL NET-CORE PANEL","Gizzard Shad","215","","2017"
"28455","BUSL","2017-09-29","GILL NET-CORE PANEL","Gizzard Shad","231","","2017"
"28455","BUSL","2017-09-29","GILL NET-CORE PANEL","Gizzard Shad","170","","2017"
"28455","BUSL","2017-09-29","GILL NET-CORE PANEL","Gizzard Shad","230","","2017"
"28454","BUSL","2017-09-29","GILL NET-CORE PANEL","Gizzard Shad","376","","2017"
"28454","BUSL","2017-09-29","GILL NET-CORE PANEL","Gizzard Shad","252","","2017"
"28454","BUSL","2017-09-29","GILL NET-CORE PANEL","Gizzard Shad","240","","2017"
"28454","BUSL","2017-09-29","GILL NET-CORE PANEL","Gizzard Shad","385","","2017"
"28454","BUSL","2017-09-29","GILL NET-CORE PANEL","Gizzard Shad","230","","2017"
"28454","BUSL","2017-09-29","GILL NET-CORE PANEL","Gizzard Shad","212","","2017"
"28454","BUSL","2017-09-29","GILL NET-CORE PANEL","Gizzard Shad","134","","2017"
"28454","BUSL","2017-09-29","GILL NET-CORE PANEL","Gizzard Shad","135","","2017"
"28454","BUSL","2017-09-29","GILL NET-CORE PANEL","Gizzard Shad","212","","2017"
"28454","BUSL","2017-09-29","GILL NET-CORE PANEL","Gizzard Shad","135","","2017"
"28454","BUSL","2017-09-29","GILL NET-CORE PANEL","Gizzard Shad","242","","2017"
"28454","BUSL","2017-09-29","GILL NET-CORE PANEL","Gizzard Shad","219","","2017"
"28454","BUSL","2017-09-29","GILL NET-CORE PANEL","Gizzard Shad","145","","2017"
"28453","BUSL","2017-09-29","GILL NET-CORE PANEL","Gizzard Shad","228","","2017"
"28453","BUSL","2017-09-29","GILL NET-CORE PANEL","Gizzard Shad","233","","2017"
"28453","BUSL","2017-09-29","GILL NET-CORE PANEL","Gizzard Shad","232","","2017"
"28453","BUSL","2017-09-29","GILL NET-CORE PANEL","Gizzard Shad","243","","2017"
"28453","BUSL","2017-09-29","GILL NET-CORE PANEL","Gizzard Shad","233","","2017"
"28453","BUSL","2017-09-29","GILL NET-CORE PANEL","Gizzard Shad","250","","2017"
"28453","BUSL","2017-09-29","GILL NET-CORE PANEL","Gizzard Shad","233","","2017"
"28453","BUSL","2017-09-29","GILL NET-CORE PANEL","Gizzard Shad","222","","2017"
"28453","BUSL","2017-09-29","GILL NET-CORE PANEL","Gizzard Shad","222","","2017"
"28453","BUSL","2017-09-29","GILL NET-CORE PANEL","Gizzard Shad","215","","2017"
"28453","BUSL","2017-09-29","GILL NET-CORE PANEL","Gizzard Shad","237","","2017"
"28453","BUSL","2017-09-29","GILL NET-CORE PANEL","Gizzard Shad","208","","2017"
"28453","BUSL","2017-09-29","GILL NET-CORE PANEL","Gizzard Shad","313","","2017"
"28394","GESL","2017-10-11","GILL NET-CORE PANEL","Gizzard Shad","310","1","2017"
"28394","GESL","2017-10-11","GILL NET-CORE PANEL","Gizzard Shad","280","2","2017"
"28394","GESL","2017-10-11","GILL NET-CORE PANEL","Gizzard Shad","250","1","2017"
"28394","GESL","2017-10-11","GILL NET-CORE PANEL","Gizzard Shad","390","1","2017"
"28394","GESL","2017-10-11","GILL NET-CORE PANEL","Gizzard Shad","290","1","2017"
"28393","GESL","2017-10-11","GILL NET-CORE PANEL","Gizzard Shad","220","1","2017"
"28393","GESL","2017-10-11","GILL NET-CORE PANEL","Gizzard Shad","280","1","2017"
"28393","GESL","2017-10-11","GILL NET-CORE PANEL","Gizzard Shad","240","1","2017"
"28393","GESL","2017-10-11","GILL NET-CORE PANEL","Gizzard Shad","300","2","2017"
"28393","GESL","2017-10-11","GILL NET-CORE PANEL","Gizzard Shad","310","1","2017"
"28393","GESL","2017-10-11","GILL NET-CORE PANEL","Gizzard Shad","340","1","2017"
"28391","GESL","2017-10-11","GILL NET-CORE PANEL","Gizzard Shad","320","1","2017"
"28391","GESL","2017-10-11","GILL NET-CORE PANEL","Gizzard Shad","310","2","2017"
"28391","GESL","2017-10-11","GILL NET-CORE PANEL","Gizzard Shad","270","1","2017"
"28391","GESL","2017-10-11","GILL NET-CORE PANEL","Gizzard Shad","380","1","2017"
"28391","GESL","2017-10-11","GILL NET-CORE PANEL","Gizzard Shad","300","3","2017"
"28391","GESL","2017-10-11","GILL NET-CORE PANEL","Gizzard Shad","339","","2017"
"28391","GESL","2017-10-11","GILL NET-CORE PANEL","Gizzard Shad","220","1","2017"
"28391","GESL","2017-10-11","GILL NET-CORE PANEL","Gizzard Shad","330","2","2017"
"28391","GESL","2017-10-11","GILL NET-CORE PANEL","Gizzard Shad","312","","2017"
"28352","NOSL","2017-10-24","GILL NET-CORE PANEL","Gizzard Shad","301","","2017"
"28352","NOSL","2017-10-24","GILL NET-CORE PANEL","Gizzard Shad","260","","2017"
"28352","NOSL","2017-10-24","GILL NET-CORE PANEL","Gizzard Shad","245","","2017"
"28352","NOSL","2017-10-24","GILL NET-CORE PANEL","Gizzard Shad","252","","2017"
"28352","NOSL","2017-10-24","GILL NET-CORE PANEL","Gizzard Shad","215","","2017"
"28352","NOSL","2017-10-24","GILL NET-CORE PANEL","Gizzard Shad","241","","2017"
"28352","NOSL","2017-10-24","GILL NET-CORE PANEL","Gizzard Shad","325","","2017"
"28352","NOSL","2017-10-24","GILL NET-CORE PANEL","Gizzard Shad","271","","2017"
"28352","NOSL","2017-10-24","GILL NET-CORE PANEL","Gizzard Shad","234","","2017"
"28352","NOSL","2017-10-24","GILL NET-CORE PANEL","Gizzard Shad","220","","2017"
"28352","NOSL","2017-10-24","GILL NET-CORE PANEL","Gizzard Shad","215","","2017"
"28352","NOSL","2017-10-24","GILL NET-CORE PANEL","Gizzard Shad","242","","2017"
"28352","NOSL","2017-10-24","GILL NET-CORE PANEL","Gizzard Shad","260","","2017"
"28352","NOSL","2017-10-24","GILL NET-CORE PANEL","Gizzard Shad","307","","2017"
"28352","NOSL","2017-10-24","GILL NET-CORE PANEL","Gizzard Shad","224","","2017"
"28352","NOSL","2017-10-24","GILL NET-CORE PANEL","Gizzard Shad","241","","2017"
"28352","NOSL","2017-10-24","GILL NET-CORE PANEL","Gizzard Shad","312","","2017"
"28351","NOSL","2017-10-24","GILL NET-CORE PANEL","Gizzard Shad","240","","2017"
"28351","NOSL","2017-10-24","GILL NET-CORE PANEL","Gizzard Shad","244","","2017"
"28351","NOSL","2017-10-24","GILL NET-CORE PANEL","Gizzard Shad","302","","2017"
"28351","NOSL","2017-10-24","GILL NET-CORE PANEL","Gizzard Shad","190","","2017"
"28351","NOSL","2017-10-24","GILL NET-CORE PANEL","Gizzard Shad","244","","2017"
"28351","NOSL","2017-10-24","GILL NET-CORE PANEL","Gizzard Shad","319","","2017"
"28351","NOSL","2017-10-24","GILL NET-CORE PANEL","Gizzard Shad","255","","2017"
"28351","NOSL","2017-10-24","GILL NET-CORE PANEL","Gizzard Shad","333","","2017"
"28351","NOSL","2017-10-24","GILL NET-CORE PANEL","Gizzard Shad","268","","2017"
"28351","NOSL","2017-10-24","GILL NET-CORE PANEL","Gizzard Shad","241","","2017"
"28351","NOSL","2017-10-24","GILL NET-CORE PANEL","Gizzard Shad","281","","2017"
"28351","NOSL","2017-10-24","GILL NET-CORE PANEL","Gizzard Shad","239","","2017"
"28351","NOSL","2017-10-24","GILL NET-CORE PANEL","Gizzard Shad","231","","2017"
"28351","NOSL","2017-10-24","GILL NET-CORE PANEL","Gizzard Shad","243","","2017"
"28351","NOSL","2017-10-24","GILL NET-CORE PANEL","Gizzard Shad","240","","2017"
"28351","NOSL","2017-10-24","GILL NET-CORE PANEL","Gizzard Shad","251","","2017"
"28350","NOSL","2017-10-24","GILL NET-CORE PANEL","Gizzard Shad","254","","2017"
"28350","NOSL","2017-10-24","GILL NET-CORE PANEL","Gizzard Shad","250","","2017"
"28350","NOSL","2017-10-24","GILL NET-CORE PANEL","Gizzard Shad","236","","2017"
"28350","NOSL","2017-10-24","GILL NET-CORE PANEL","Gizzard Shad","232","","2017"
"28350","NOSL","2017-10-24","GILL NET-CORE PANEL","Gizzard Shad","241","","2017"
"28350","NOSL","2017-10-24","GILL NET-CORE PANEL","Gizzard Shad","217","","2017"
"28350","NOSL","2017-10-24","GILL NET-CORE PANEL","Gizzard Shad","250","","2017"
"28350","NOSL","2017-10-24","GILL NET-CORE PANEL","Gizzard Shad","236","","2017"
"28350","NOSL","2017-10-24","GILL NET-CORE PANEL","Gizzard Shad","180","","2017"
"28350","NOSL","2017-10-24","GILL NET-CORE PANEL","Gizzard Shad","265","","2017"
"28350","NOSL","2017-10-24","GILL NET-CORE PANEL","Gizzard Shad","182","","2017"
"28350","NOSL","2017-10-24","GILL NET-CORE PANEL","Gizzard Shad","232","","2017"
"28349","NOSL","2017-10-24","GILL NET-CORE PANEL","Gizzard Shad","240","","2017"
"28349","NOSL","2017-10-24","GILL NET-CORE PANEL","Gizzard Shad","228","","2017"
"28349","NOSL","2017-10-24","GILL NET-CORE PANEL","Gizzard Shad","210","","2017"
"28349","NOSL","2017-10-24","GILL NET-CORE PANEL","Gizzard Shad","298","","2017"
"28349","NOSL","2017-10-24","GILL NET-CORE PANEL","Gizzard Shad","252","","2017"
"28349","NOSL","2017-10-24","GILL NET-CORE PANEL","Gizzard Shad","245","","2017"
"28349","NOSL","2017-10-24","GILL NET-CORE PANEL","Gizzard Shad","231","","2017"
"28349","NOSL","2017-10-24","GILL NET-CORE PANEL","Gizzard Shad","180","","2017"
"28349","NOSL","2017-10-24","GILL NET-CORE PANEL","Gizzard Shad","299","","2017"
"28312","WSSL","2017-10-04","GILL NET-CORE PANEL","Gizzard Shad","371","","2017"
"28312","WSSL","2017-10-04","GILL NET-CORE PANEL","Gizzard Shad","295","","2017"
"28312","WSSL","2017-10-04","GILL NET-CORE PANEL","Gizzard Shad","254","","2017"
"28312","WSSL","2017-10-04","GILL NET-CORE PANEL","Gizzard Shad","135","","2017"
"28312","WSSL","2017-10-04","GILL NET-CORE PANEL","Gizzard Shad","335","","2017"
"28312","WSSL","2017-10-04","GILL NET-CORE PANEL","Gizzard Shad","270","","2017"
"28312","WSSL","2017-10-04","GILL NET-CORE PANEL","Gizzard Shad","371","","2017"
"28312","WSSL","2017-10-04","GILL NET-CORE PANEL","Gizzard Shad","285","","2017"
"28312","WSSL","2017-10-04","GILL NET-CORE PANEL","Gizzard Shad","271","","2017"
"28312","WSSL","2017-10-04","GILL NET-CORE PANEL","Gizzard Shad","343","","2017"
"28312","WSSL","2017-10-04","GILL NET-CORE PANEL","Gizzard Shad","294","","2017"
"28312","WSSL","2017-10-04","GILL NET-CORE PANEL","Gizzard Shad","332","","2017"
"28312","WSSL","2017-10-04","GILL NET-CORE PANEL","Gizzard Shad","137","","2017"
"28311","WSSL","2017-10-04","GILL NET-CORE PANEL","Gizzard Shad","267","","2017"
"28311","WSSL","2017-10-04","GILL NET-CORE PANEL","Gizzard Shad","151","","2017"
"28311","WSSL","2017-10-04","GILL NET-CORE PANEL","Gizzard Shad","338","","2017"
"28311","WSSL","2017-10-04","GILL NET-CORE PANEL","Gizzard Shad","235","","2017"
"28311","WSSL","2017-10-04","GILL NET-CORE PANEL","Gizzard Shad","283","","2017"
"28311","WSSL","2017-10-04","GILL NET-CORE PANEL","Gizzard Shad","249","","2017"
"28311","WSSL","2017-10-04","GILL NET-CORE PANEL","Gizzard Shad","355","","2017"
"28311","WSSL","2017-10-04","GILL NET-CORE PANEL","Gizzard Shad","250","","2017"
"28311","WSSL","2017-10-04","GILL NET-CORE PANEL","Gizzard Shad","261","","2017"
"28311","WSSL","2017-10-04","GILL NET-CORE PANEL","Gizzard Shad","142","","2017"
"28311","WSSL","2017-10-04","GILL NET-CORE PANEL","Gizzard Shad","355","","2017"
"28311","WSSL","2017-10-04","GILL NET-CORE PANEL","Gizzard Shad","136","","2017"
"28311","WSSL","2017-10-04","GILL NET-CORE PANEL","Gizzard Shad","260","","2017"
"28311","WSSL","2017-10-04","GILL NET-CORE PANEL","Gizzard Shad","140","","2017"
"28311","WSSL","2017-10-04","GILL NET-CORE PANEL","Gizzard Shad","289","","2017"
"28311","WSSL","2017-10-04","GILL NET-CORE PANEL","Gizzard Shad","255","","2017"
"28310","WSSL","2017-10-04","GILL NET-CORE PANEL","Gizzard Shad","153","","2017"
"28310","WSSL","2017-10-04","GILL NET-CORE PANEL","Gizzard Shad","265","","2017"
"28310","WSSL","2017-10-04","GILL NET-CORE PANEL","Gizzard Shad","280","","2017"
"28309","WSSL","2017-10-04","GILL NET-CORE PANEL","Gizzard Shad","343","","2017"
"28309","WSSL","2017-10-04","GILL NET-CORE PANEL","Gizzard Shad","255","","2017"
"28309","WSSL","2017-10-04","GILL NET-CORE PANEL","Gizzard Shad","260","","2017"
"28309","WSSL","2017-10-04","GILL NET-CORE PANEL","Gizzard Shad","256","","2017"
"28309","WSSL","2017-10-04","GILL NET-CORE PANEL","Gizzard Shad","281","","2017"
"28309","WSSL","2017-10-04","GILL NET-CORE PANEL","Gizzard Shad","342","","2017"
"28309","WSSL","2017-10-04","GILL NET-CORE PANEL","Gizzard Shad","318","","2017"
"28309","WSSL","2017-10-04","GILL NET-CORE PANEL","Gizzard Shad","271","","2017"
"28309","WSSL","2017-10-04","GILL NET-CORE PANEL","Gizzard Shad","252","","2017"
"28309","WSSL","2017-10-04","GILL NET-CORE PANEL","Gizzard Shad","245","","2017"
"28309","WSSL","2017-10-04","GILL NET-CORE PANEL","Gizzard Shad","300","","2017"
"28309","WSSL","2017-10-04","GILL NET-CORE PANEL","Gizzard Shad","358","","2017"
"28309","WSSL","2017-10-04","GILL NET-CORE PANEL","Gizzard Shad","325","","2017"
"28309","WSSL","2017-10-04","GILL NET-CORE PANEL","Gizzard Shad","249","","2017"
"28309","WSSL","2017-10-04","GILL NET-CORE PANEL","Gizzard Shad","268","","2017"
"28309","WSSL","2017-10-04","GILL NET-CORE PANEL","Gizzard Shad","262","","2017"
"28230","SNSL","2017-10-12","GILL NET-CORE PANEL","Gizzard Shad","163","","2017"
"28229","SNSL","2017-10-12","GILL NET-CORE PANEL","Gizzard Shad","165","","2017"
"28228","SNSL","2017-10-12","GILL NET-CORE PANEL","Gizzard Shad","164","","2017"
"28228","SNSL","2017-10-12","GILL NET-CORE PANEL","Gizzard Shad","155","","2017"
"28228","SNSL","2017-10-12","GILL NET-CORE PANEL","Gizzard Shad","169","","2017"
"28228","SNSL","2017-10-12","GILL NET-CORE PANEL","Gizzard Shad","288","","2017"
"28228","SNSL","2017-10-12","GILL NET-CORE PANEL","Gizzard Shad","180","","2017"
"28228","SNSL","2017-10-12","GILL NET-CORE PANEL","Gizzard Shad","189","","2017"
"28228","SNSL","2017-10-12","GILL NET-CORE PANEL","Gizzard Shad","155","","2017"
"28228","SNSL","2017-10-12","GILL NET-CORE PANEL","Gizzard Shad","165","","2017"
"28228","SNSL","2017-10-12","GILL NET-CORE PANEL","Gizzard Shad","156","","2017"
"28228","SNSL","2017-10-12","GILL NET-CORE PANEL","Gizzard Shad","164","","2017"
"28228","SNSL","2017-10-12","GILL NET-CORE PANEL","Gizzard Shad","163","","2017"
"28228","SNSL","2017-10-12","GILL NET-CORE PANEL","Gizzard Shad","162","","2017"
"28227","SNSL","2017-10-12","GILL NET-CORE PANEL","Gizzard Shad","160","","2017"
"28227","SNSL","2017-10-12","GILL NET-CORE PANEL","Gizzard Shad","290","","2017"
"28227","SNSL","2017-10-12","GILL NET-CORE PANEL","Gizzard Shad","247","","2017"
"28227","SNSL","2017-10-12","GILL NET-CORE PANEL","Gizzard Shad","187","","2017"
"28226","SNSL","2017-10-12","GILL NET-CORE PANEL","Gizzard Shad","227","","2017"
"28226","SNSL","2017-10-12","GILL NET-CORE PANEL","Gizzard Shad","185","","2017"
"28226","SNSL","2017-10-12","GILL NET-CORE PANEL","Gizzard Shad","303","","2017"
"28226","SNSL","2017-10-12","GILL NET-CORE PANEL","Gizzard Shad","190","","2017"
"28226","SNSL","2017-10-12","GILL NET-CORE PANEL","Gizzard Shad","196","","2017"
"28226","SNSL","2017-10-12","GILL NET-CORE PANEL","Gizzard Shad","192","","2017"
"28226","SNSL","2017-10-12","GILL NET-CORE PANEL","Gizzard Shad","235","","2017"
"28225","SNSL","2017-10-12","GILL NET-CORE PANEL","Gizzard Shad","170","","2017"
"28225","SNSL","2017-10-12","GILL NET-CORE PANEL","Gizzard Shad","193","","2017"
"28212","PTSA","2017-09-28","GILL NET-CORE PANEL","Gizzard Shad","257","","2017"
"28212","PTSA","2017-09-28","GILL NET-CORE PANEL","Gizzard Shad","270","4","2017"
"28212","PTSA","2017-09-28","GILL NET-CORE PANEL","Gizzard Shad","420","","2017"
"28212","PTSA","2017-09-28","GILL NET-CORE PANEL","Gizzard Shad","280","","2017"
"28212","PTSA","2017-09-28","GILL NET-CORE PANEL","Gizzard Shad","266","","2017"
"28212","PTSA","2017-09-28","GILL NET-CORE PANEL","Gizzard Shad","281","","2017"
"28212","PTSA","2017-09-28","GILL NET-CORE PANEL","Gizzard Shad","280","1","2017"
"28212","PTSA","2017-09-28","GILL NET-CORE PANEL","Gizzard Shad","266","","2017"
"28212","PTSA","2017-09-28","GILL NET-CORE PANEL","Gizzard Shad","287","","2017"
"28212","PTSA","2017-09-28","GILL NET-CORE PANEL","Gizzard Shad","260","6","2017"
"28211","PTSA","2017-09-28","GILL NET-CORE PANEL","Gizzard Shad","270","5","2017"
"28211","PTSA","2017-09-28","GILL NET-CORE PANEL","Gizzard Shad","270","","2017"
"28211","PTSA","2017-09-28","GILL NET-CORE PANEL","Gizzard Shad","260","","2017"
"28211","PTSA","2017-09-28","GILL NET-CORE PANEL","Gizzard Shad","267","","2017"
"28211","PTSA","2017-09-28","GILL NET-CORE PANEL","Gizzard Shad","266","","2017"
"28211","PTSA","2017-09-28","GILL NET-CORE PANEL","Gizzard Shad","277","","2017"
"28211","PTSA","2017-09-28","GILL NET-CORE PANEL","Gizzard Shad","258","","2017"
"28211","PTSA","2017-09-28","GILL NET-CORE PANEL","Gizzard Shad","281","","2017"
"28211","PTSA","2017-09-28","GILL NET-CORE PANEL","Gizzard Shad","267","","2017"
"28211","PTSA","2017-09-28","GILL NET-CORE PANEL","Gizzard Shad","255","","2017"
"28211","PTSA","2017-09-28","GILL NET-CORE PANEL","Gizzard Shad","469","","2017"
"28211","PTSA","2017-09-28","GILL NET-CORE PANEL","Gizzard Shad","283","","2017"
"28211","PTSA","2017-09-28","GILL NET-CORE PANEL","Gizzard Shad","265","","2017"
"28211","PTSA","2017-09-28","GILL NET-CORE PANEL","Gizzard Shad","442","","2017"
"28211","PTSA","2017-09-28","GILL NET-CORE PANEL","Gizzard Shad","280","","2017"
"28210","PTSA","2017-09-28","GILL NET-CORE PANEL","Gizzard Shad","281","","2017"
"28210","PTSA","2017-09-28","GILL NET-CORE PANEL","Gizzard Shad","247","","2017"
"28210","PTSA","2017-09-28","GILL NET-CORE PANEL","Gizzard Shad","275","","2017"
"28210","PTSA","2017-09-28","GILL NET-CORE PANEL","Gizzard Shad","420","","2017"
"28210","PTSA","2017-09-28","GILL NET-CORE PANEL","Gizzard Shad","281","","2017"
"28210","PTSA","2017-09-28","GILL NET-CORE PANEL","Gizzard Shad","270","","2017"
"28210","PTSA","2017-09-28","GILL NET-CORE PANEL","Gizzard Shad","267","","2017"
"28210","PTSA","2017-09-28","GILL NET-CORE PANEL","Gizzard Shad","437","","2017"
"28210","PTSA","2017-09-28","GILL NET-CORE PANEL","Gizzard Shad","437","","2017"
"28210","PTSA","2017-09-28","GILL NET-CORE PANEL","Gizzard Shad","270","","2017"
"28210","PTSA","2017-09-28","GILL NET-CORE PANEL","Gizzard Shad","273","","2017"
"28210","PTSA","2017-09-28","GILL NET-CORE PANEL","Gizzard Shad","270","","2017"
"28210","PTSA","2017-09-28","GILL NET-CORE PANEL","Gizzard Shad","454","","2017"
"28210","PTSA","2017-09-28","GILL NET-CORE PANEL","Gizzard Shad","253","","2017"
"28210","PTSA","2017-09-28","GILL NET-CORE PANEL","Gizzard Shad","271","","2017"
"28210","PTSA","2017-09-28","GILL NET-CORE PANEL","Gizzard Shad","267","","2017"
"28210","PTSA","2017-09-28","GILL NET-CORE PANEL","Gizzard Shad","452","","2017"
"27803","CASL","2017-10-12","GILL NET-CORE PANEL","Gizzard Shad","300","","2017"
"27803","CASL","2017-10-12","GILL NET-CORE PANEL","Gizzard Shad","285","","2017"
"27803","CASL","2017-10-12","GILL NET-CORE PANEL","Gizzard Shad","310","","2017"
"27803","CASL","2017-10-12","GILL NET-CORE PANEL","Gizzard Shad","285","","2017"
"27803","CASL","2017-10-12","GILL NET-CORE PANEL","Gizzard Shad","295","","2017"
"27803","CASL","2017-10-12","GILL NET-CORE PANEL","Gizzard Shad","235","","2017"
"27803","CASL","2017-10-12","GILL NET-CORE PANEL","Gizzard Shad","280","","2017"
"27803","CASL","2017-10-12","GILL NET-CORE PANEL","Gizzard Shad","275","","2017"
"27803","CASL","2017-10-12","GILL NET-CORE PANEL","Gizzard Shad","225","","2017"
"27802","CASL","2017-10-12","GILL NET-CORE PANEL","Gizzard Shad","305","","2017"
"27802","CASL","2017-10-12","GILL NET-CORE PANEL","Gizzard Shad","255","","2017"
"27802","CASL","2017-10-12","GILL NET-CORE PANEL","Gizzard Shad","320","","2017"
"27802","CASL","2017-10-12","GILL NET-CORE PANEL","Gizzard Shad","285","","2017"
"27802","CASL","2017-10-12","GILL NET-CORE PANEL","Gizzard Shad","295","","2017"
"27802","CASL","2017-10-12","GILL NET-CORE PANEL","Gizzard Shad","230","","2017"
"27802","CASL","2017-10-12","GILL NET-CORE PANEL","Gizzard Shad","220","","2017"
"27802","CASL","2017-10-12","GILL NET-CORE PANEL","Gizzard Shad","270","","2017"
"27802","CASL","2017-10-12","GILL NET-CORE PANEL","Gizzard Shad","295","","2017"
"27802","CASL","2017-10-12","GILL NET-CORE PANEL","Gizzard Shad","285","","2017"
"27802","CASL","2017-10-12","GILL NET-CORE PANEL","Gizzard Shad","320","","2017"
"27802","CASL","2017-10-12","GILL NET-CORE PANEL","Gizzard Shad","270","","2017"
"27802","CASL","2017-10-12","GILL NET-CORE PANEL","Gizzard Shad","315","","2017"
"27802","CASL","2017-10-12","GILL NET-CORE PANEL","Gizzard Shad","310","","2017"
"27802","CASL","2017-10-12","GILL NET-CORE PANEL","Gizzard Shad","295","","2017"
"27802","CASL","2017-10-12","GILL NET-CORE PANEL","Gizzard Shad","290","","2017"
"27802","CASL","2017-10-12","GILL NET-CORE PANEL","Gizzard Shad","250","","2017"
"27802","CASL","2017-10-12","GILL NET-CORE PANEL","Gizzard Shad","305","","2017"
"27802","CASL","2017-10-12","GILL NET-CORE PANEL","Gizzard Shad","325","","2017"
"27802","CASL","2017-10-12","GILL NET-CORE PANEL","Gizzard Shad","290","","2017"
"27802","CASL","2017-10-12","GILL NET-CORE PANEL","Gizzard Shad","315","","2017"
"27802","CASL","2017-10-12","GILL NET-CORE PANEL","Gizzard Shad","225","","2017"
"27802","CASL","2017-10-12","GILL NET-CORE PANEL","Gizzard Shad","255","","2017"
"27802","CASL","2017-10-12","GILL NET-CORE PANEL","Gizzard Shad","290","","2017"
"27801","CASL","2017-10-12","GILL NET-CORE PANEL","Gizzard Shad","275","","2017"
"27801","CASL","2017-10-12","GILL NET-CORE PANEL","Gizzard Shad","330","","2017"
"27801","CASL","2017-10-12","GILL NET-CORE PANEL","Gizzard Shad","280","","2017"
"27801","CASL","2017-10-12","GILL NET-CORE PANEL","Gizzard Shad","265","","2017"
"27801","CASL","2017-10-12","GILL NET-CORE PANEL","Gizzard Shad","255","","2017"
"27801","CASL","2017-10-12","GILL NET-CORE PANEL","Gizzard Shad","280","","2017"
"27801","CASL","2017-10-12","GILL NET-CORE PANEL","Gizzard Shad","300","","2017"
"27801","CASL","2017-10-12","GILL NET-CORE PANEL","Gizzard Shad","300","","2017"
"27801","CASL","2017-10-12","GILL NET-CORE PANEL","Gizzard Shad","275","","2017"
"27801","CASL","2017-10-12","GILL NET-CORE PANEL","Gizzard Shad","235","","2017"
"27801","CASL","2017-10-12","GILL NET-CORE PANEL","Gizzard Shad","280","","2017"
"27801","CASL","2017-10-12","GILL NET-CORE PANEL","Gizzard Shad","225","","2017"
"27801","CASL","2017-10-12","GILL NET-CORE PANEL","Gizzard Shad","225","","2017"
"27801","CASL","2017-10-12","GILL NET-CORE PANEL","Gizzard Shad","280","","2017"
"27801","CASL","2017-10-12","GILL NET-CORE PANEL","Gizzard Shad","265","","2017"
"27801","CASL","2017-10-12","GILL NET-CORE PANEL","Gizzard Shad","300","","2017"
"27801","CASL","2017-10-12","GILL NET-CORE PANEL","Gizzard Shad","285","","2017"
"27801","CASL","2017-10-12","GILL NET-CORE PANEL","Gizzard Shad","240","","2017"
"27801","CASL","2017-10-12","GILL NET-CORE PANEL","Gizzard Shad","300","","2017"
"27801","CASL","2017-10-12","GILL NET-CORE PANEL","Gizzard Shad","245","","2017"
"27801","CASL","2017-10-12","GILL NET-CORE PANEL","Gizzard Shad","270","","2017"
"27801","CASL","2017-10-12","GILL NET-CORE PANEL","Gizzard Shad","260","","2017"
"27801","CASL","2017-10-12","GILL NET-CORE PANEL","Gizzard Shad","295","","2017"
"27801","CASL","2017-10-12","GILL NET-CORE PANEL","Gizzard Shad","285","","2017"
"27801","CASL","2017-10-12","GILL NET-CORE PANEL","Gizzard Shad","285","","2017"
"27801","CASL","2017-10-12","GILL NET-CORE PANEL","Gizzard Shad","290","","2017"
"27801","CASL","2017-10-12","GILL NET-CORE PANEL","Gizzard Shad","255","","2017"
"27801","CASL","2017-10-12","GILL NET-CORE PANEL","Gizzard Shad","225","","2017"
"27801","CASL","2017-10-12","GILL NET-CORE PANEL","Gizzard Shad","240","","2017"
"27800","CASL","2017-10-12","GILL NET-CORE PANEL","Gizzard Shad","295","","2017"
"27800","CASL","2017-10-12","GILL NET-CORE PANEL","Gizzard Shad","280","","2017"
"27800","CASL","2017-10-12","GILL NET-CORE PANEL","Gizzard Shad","285","","2017"
"27800","CASL","2017-10-12","GILL NET-CORE PANEL","Gizzard Shad","235","","2017"
"27800","CASL","2017-10-12","GILL NET-CORE PANEL","Gizzard Shad","305","","2017"
"27800","CASL","2017-10-12","GILL NET-CORE PANEL","Gizzard Shad","285","","2017"